z,Umean,sig_u,sig_v,sig_w
2.0,1.6613,1.2523,0.9095,0.6458
4.0,2.3434,1.2548,0.9101,0.6452
6.0,2.7798,1.2572,0.9108,0.6444
8.0,3.1012,1.2593,0.9117,0.6436
10.0,3.3559,1.2614,0.9127,0.6427
12.0,3.5668,1.2632,0.9139,0.6417
14.0,3.7467,1.2649,0.9151,0.6407
16.0,3.9037,1.2664,0.9164,0.6396
18.0,4.0429,1.2677,0.9178,0.6385
20.0,4.1680,1.2689,0.9193,0.6374
22.0,4.2815,1.2699,0.9207,0.6363
24.0,4.3854,1.2706,0.9222,0.6352
26.0,4.4812,1.2713,0.9237,0.6341
28.0,4.5701,1.2718,0.9252,0.6331
30.0,4.6530,1.2721,0.9267,0.6321
32.0,4.7307,1.2723,0.9281,0.6312
34.0,4.8037,1.2724,0.9295,0.6304
36.0,4.8727,1.2725,0.9308,0.6297
38.0,4.9380,1.2724,0.9321,0.6291
40.0,5.0000,1.2723,0.9332,0.6285
42.0,5.0590,1.2722,0.9343,0.6281
44.0,5.1154,1.2720,0.9353,0.6278
46.0,5.1692,1.2719,0.9361,0.6277
48.0,5.2208,1.2718,0.9369,0.6277
50.0,5.2704,1.2717,0.9376,0.6278
52.0,5.3180,1.2717,0.9381,0.6280
54.0,5.3638,1.2718,0.9386,0.6283
56.0,5.4080,1.2719,0.9389,0.6288
58.0,5.4507,1.2722,0.9392,0.6294
60.0,5.4919,1.2725,0.9393,0.6301
62.0,5.5318,1.2730,0.9394,0.6309
64.0,5.5704,1.2736,0.9394,0.6318
66.0,5.6079,1.2743,0.9393,0.6328
68.0,5.6443,1.2752,0.9391,0.6339
70.0,5.6796,1.2762,0.9389,0.6350
72.0,5.7139,1.2773,0.9387,0.6362
74.0,5.7473,1.2785,0.9384,0.6374
76.0,5.7798,1.2799,0.9381,0.6387
78.0,5.8115,1.2813,0.9378,0.6399
80.0,5.8424,1.2828,0.9375,0.6412
82.0,5.8725,1.2844,0.9373,0.6424
84.0,5.9019,1.2860,0.9370,0.6437
86.0,5.9306,1.2877,0.9368,0.6449
88.0,5.9587,1.2894,0.9366,0.6460
90.0,5.9862,1.2910,0.9365,0.6471
92.0,6.0130,1.2927,0.9365,0.6482
94.0,6.0393,1.2943,0.9365,0.6491
96.0,6.0650,1.2958,0.9367,0.6500
98.0,6.0902,1.2972,0.9369,0.6508
100.0,6.1149,1.2985,0.9372,0.6515
102.0,6.1391,1.2997,0.9375,0.6522
104.0,6.1628,1.3008,0.9380,0.6527
106.0,6.1861,1.3016,0.9386,0.6531
108.0,6.2089,1.3023,0.9393,0.6534
110.0,6.2314,1.3028,0.9401,0.6536
112.0,6.2534,1.3032,0.9409,0.6537
114.0,6.2751,1.3033,0.9419,0.6537
116.0,6.2963,1.3032,0.9429,0.6536
118.0,6.3172,1.3028,0.9440,0.6534
120.0,6.3378,1.3023,0.9451,0.6531
