z_m,U_mean,Iu,Iv,Iw,su_over_ustar,sv_over_ustar,sw_over_ustar
4.0,2.3434,0.5544,0.4091,0.2661,2.575,1.900,1.236
12.0,3.5668,0.3633,0.2697,0.1752,2.568,1.906,1.239
20.0,4.1680,0.3084,0.2314,0.1494,2.548,1.912,1.235
28.0,4.5701,0.2800,0.2109,0.1367,2.536,1.910,1.238
36.0,4.8727,0.2609,0.1978,0.1276,2.520,1.910,1.232
44.0,5.1154,0.2463,0.1881,0.1217,2.497,1.907,1.233
52.0,5.3180,0.2348,0.1810,0.1172,2.474,1.907,1.236
60.0,5.4919,0.2269,0.1743,0.1136,2.470,1.897,1.237
68.0,5.6443,0.2203,0.1691,0.1111,2.464,1.892,1.243
76.0,5.7798,0.2154,0.1644,0.1087,2.468,1.883,1.245
84.0,5.9019,0.2111,0.1607,0.1069,2.469,1.880,1.250
92.0,6.0130,0.2085,0.1573,0.1049,2.485,1.875,1.250
100.0,6.1149,0.2066,0.1548,0.1032,2.503,1.876,1.251
108.0,6.2089,0.2042,0.1528,0.1020,2.513,1.880,1.255
116.0,6.2963,0.2027,0.1504,0.1004,2.529,1.877,1.253
