freq,power
9.765625e-04,3.144947e+02
1.011177e-03,3.161092e+02
1.047018e-03,3.151218e+02
1.084130e-03,3.111156e+02
1.122557e-03,3.037028e+02
1.162347e-03,2.925558e+02
1.203546e-03,2.774438e+02
1.246206e-03,2.582760e+02
1.290379e-03,2.351483e+02
1.336116e-03,2.083919e+02
1.383475e-03,1.786182e+02
1.432513e-03,1.467562e+02
1.483289e-03,1.140731e+02
1.535864e-03,8.217042e+01
1.590303e-03,5.294628e+01
1.646672e-03,2.851477e+01
1.705039e-03,1.107557e+01
1.765474e-03,2.731815e+00
1.828052e-03,5.260497e+00
1.892847e-03,1.985019e+01
1.959940e-03,4.683232e+01
2.029410e-03,8.544511e+01
2.101343e-03,1.336798e+02
2.175826e-03,1.882641e+02
2.252949e-03,2.448314e+02
2.332805e-03,2.983062e+02
2.415492e-03,3.434967e+02
2.501109e-03,3.758329e+02
2.589762e-03,3.921290e+02
2.681557e-03,3.911936e+02
2.776605e-03,3.740967e+02
2.875022e-03,3.439351e+02
2.976928e-03,3.050610e+02
3.082446e-03,2.619206e+02
3.191704e-03,2.178646e+02
3.304835e-03,1.744411e+02
3.421976e-03,1.316477e+02
3.543268e-03,8.931320e+01
3.668860e-03,4.919990e+01
3.798904e-03,1.676212e+01
3.933557e-03,1.143101e+00
4.072983e-03,1.238405e+01
4.217351e-03,5.617177e+01
4.366836e-03,1.283760e+02
4.521619e-03,2.129890e+02
4.681889e-03,2.864078e+02
4.847840e-03,3.276017e+02
5.019673e-03,3.289404e+02
5.197596e-03,2.999164e+02
5.381826e-03,2.593394e+02
5.572586e-03,2.205452e+02
5.770108e-03,1.821221e+02
5.974631e-03,1.342943e+02
6.186403e-03,7.642295e+01
6.405682e-03,2.657661e+01
6.632733e-03,8.431039e+00
6.867831e-03,2.577307e+01
7.111263e-03,5.406702e+01
7.363324e-03,6.295756e+01
7.624319e-03,4.555397e+01
7.894564e-03,1.985757e+01
8.174389e-03,4.072010e+00
8.464132e-03,2.107708e-01
8.764145e-03,1.247168e+00
9.074793e-03,2.527590e+00
9.396451e-03,5.162604e+00
9.729510e-03,1.611687e+01
1.007438e-02,3.505984e+01
1.043146e-02,3.805866e+01
1.080121e-02,1.438685e+01
1.118406e-02,9.093628e+00
1.158048e-02,4.132718e+01
1.199096e-02,4.678176e+01
1.241598e-02,1.466345e+01
1.285607e-02,6.872645e+00
1.331175e-02,1.130373e+01
1.378359e-02,9.956648e-01
1.427215e-02,9.340119e+00
1.477803e-02,1.864954e+01
1.530184e-02,3.855991e+00
1.584422e-02,3.579464e-01
1.640582e-02,1.221556e-01
1.698733e-02,2.707144e-01
1.758945e-02,2.155317e-02
1.821291e-02,7.809094e-02
1.885847e-02,1.166692e-01
1.952692e-02,1.243254e-02
2.021905e-02,2.496915e-02
2.093572e-02,7.199017e-02
2.167779e-02,4.581487e-02
2.244617e-02,6.412791e-03
2.324178e-02,3.284186e-03
2.406559e-02,1.983116e-02
2.491860e-02,3.164869e-02
2.580185e-02,3.349600e-02
2.671640e-02,3.021837e-02
2.766337e-02,2.639513e-02
2.864390e-02,2.376172e-02
2.965919e-02,2.193368e-02
3.071047e-02,1.915397e-02
3.179901e-02,1.325484e-02
3.292613e-02,4.704404e-03
3.409321e-02,3.956325e-04
3.530165e-02,7.006389e-03
3.655292e-02,1.208654e-02
3.784855e-02,2.369678e-03
3.919010e-02,4.582012e-03
4.057921e-02,7.474963e-03
4.201754e-02,1.404830e-03
4.350687e-02,6.400519e-03
4.504898e-02,3.058676e-03
4.664575e-02,1.538976e-03
4.829912e-02,5.941665e-03
5.001109e-02,3.627991e-03
5.178375e-02,7.689174e-04
5.361924e-02,2.400894e-04
5.551978e-02,4.254392e-04
5.748769e-02,3.365435e-04
5.952536e-02,2.208396e-04
6.163525e-02,1.158725e-03
6.381993e-02,2.986095e-03
6.608204e-02,1.694382e-03
6.842433e-02,5.656761e-04
7.084965e-02,2.238080e-03
7.336093e-02,7.824794e-04
7.596123e-02,5.926934e-04
7.865369e-02,1.835457e-03
8.144159e-02,1.821506e-03
8.432831e-02,1.589812e-03
8.731734e-02,1.586751e-03
9.041233e-02,1.265882e-03
9.361701e-02,1.908659e-04
9.693529e-02,9.032610e-04
1.003712e-01,3.871805e-04
1.039289e-01,1.102581e-03
1.076127e-01,5.172418e-04
1.114270e-01,2.358503e-04
1.153766e-01,3.159257e-04
1.194661e-01,7.158149e-04
1.237006e-01,5.152707e-04
1.280852e-01,2.751640e-04
1.326252e-01,1.908104e-04
1.373262e-01,5.011973e-04
1.421937e-01,4.899033e-04
1.472338e-01,2.181624e-04
1.524525e-01,1.255810e-04
1.578563e-01,3.568674e-04
1.634515e-01,4.058140e-04
1.692451e-01,3.186580e-04
1.752440e-01,3.837889e-04
1.814556e-01,1.088655e-04
1.878873e-01,3.173709e-04
1.945470e-01,1.596153e-04
2.014428e-01,1.997133e-04
2.085830e-01,2.445367e-04
2.159763e-01,8.816446e-05
2.236316e-01,1.956489e-05
2.315583e-01,5.251007e-05
2.397659e-01,2.061617e-04
2.482645e-01,1.002831e-04
2.570643e-01,9.929336e-05
2.661760e-01,1.612528e-04
2.756106e-01,8.247615e-05
2.853797e-01,7.851801e-05
2.954951e-01,1.278516e-04
3.059690e-01,9.917692e-05
3.168141e-01,1.183694e-04
3.280437e-01,1.436262e-05
3.396713e-01,3.302247e-05
3.517110e-01,3.100906e-05
3.641775e-01,1.197606e-05
3.770858e-01,2.368416e-05
3.904517e-01,2.636555e-05
4.042914e-01,6.422850e-06
4.186216e-01,5.572704e-05
4.334597e-01,1.569577e-05
4.488238e-01,6.051007e-05
4.647325e-01,1.124454e-05
4.812050e-01,3.020301e-05
4.982615e-01,2.679291e-05
5.159224e-01,3.817026e-05
5.342094e-01,4.715494e-06
5.531446e-01,4.580104e-05
5.727510e-01,4.574840e-05
5.930523e-01,2.864177e-05
6.140731e-01,1.474576e-05
6.358391e-01,6.960842e-06
6.583766e-01,1.328992e-05
6.817129e-01,4.912660e-06
7.058764e-01,1.196174e-05
7.308963e-01,3.267086e-05
7.568031e-01,2.906129e-06
7.836282e-01,3.045595e-05
8.114041e-01,6.291297e-06
8.401645e-01,2.279063e-05
8.699443e-01,9.735937e-06
9.007797e-01,2.618662e-05
9.327081e-01,4.490962e-06
9.657681e-01,2.983123e-06
1.000000e+00,2.265421e-06
