dp_um,P,Finf_a0.2,Finf_a0.5,Finf_a1.0
0.010,0.008,0.000,0.001,0.001
0.013,0.016,0.001,0.002,0.003
0.017,0.031,0.002,0.004,0.008
0.022,0.056,0.004,0.010,0.017
0.029,0.097,0.009,0.021,0.034
0.037,0.156,0.019,0.040,0.064
0.048,0.239,0.036,0.073,0.111
0.063,0.345,0.062,0.123,0.181
0.082,0.471,0.101,0.192,0.273
0.106,0.608,0.153,0.278,0.382
0.138,0.740,0.214,0.374,0.497
0.179,0.851,0.277,0.465,0.602
0.233,0.925,0.330,0.537,0.680
0.303,0.950,0.361,0.575,0.717
0.394,0.921,0.364,0.572,0.706
0.512,0.844,0.338,0.528,0.649
0.665,0.731,0.288,0.452,0.559
0.865,0.598,0.225,0.360,0.449
1.125,0.462,0.162,0.266,0.337
1.462,0.337,0.108,0.182,0.236
1.900,0.232,0.066,0.115,0.154
2.471,0.151,0.037,0.068,0.094
3.212,0.093,0.019,0.037,0.053
4.175,0.054,0.009,0.019,0.028
5.428,0.030,0.004,0.009,0.014
7.056,0.015,0.002,0.004,0.006
9.173,0.008,0.001,0.002,0.003
11.925,0.003,0.000,0.001,0.001
