block_w,block_d,cbd_peak,cbd_decay,patchiness,park_centrality,park_fraction,roughness,street_width,maxH,meanH,sigmaH,lam_p,lam_f,HW,parkfrac,bizfloor,inh_core,nblk,meanH_per,HW_per
66.7274,19.1370,23.9759,1.662e-05,0.5321,0.9563,0.1848,0.7390,19.9655,84.000,23.265,18.791,0.10052,0.04956,1.1653,0.05707,126720.0,0.04435,49,19.529,0.9782
37.9921,25.5699,100.7289,8.439e-06,0.9079,0.5564,0.3360,0.0404,33.7995,112.000,86.571,12.853,0.07178,0.22192,2.5613,0.06921,126784.0,0.06814,42,77.091,2.2808
30.2071,35.9845,51.8354,1.227e-05,0.5968,0.3637,0.3180,0.5588,34.3001,120.000,46.061,26.916,0.08459,0.16235,1.3429,0.07031,130368.0,0.11460,33,30.667,0.8941
70.7959,31.7469,101.1990,1.418e-06,0.2375,0.3793,0.2797,0.3880,21.2871,168.000,103.000,38.484,0.18750,0.30176,4.8386,0.11426,164352.0,0.14080,32,96.000,4.5098
57.2859,37.9182,22.4613,1.725e-05,0.3832,0.2988,0.0025,0.3500,31.6140,44.000,20.914,8.820,0.14722,0.07281,0.6616,0.00000,123648.0,0.06297,35,17.600,0.5567
35.9730,24.3312,99.6687,2.433e-05,0.1005,0.7354,0.3906,0.5647,38.4565,112.000,38.759,25.431,0.04688,0.06799,1.0079,0.06262,123200.0,0.04113,29,31.091,0.8085
60.9172,24.0316,28.2687,2.125e-05,0.7873,0.7175,0.1776,0.6007,29.0527,60.000,21.730,15.493,0.08813,0.04517,0.7479,0.04395,119808.0,0.01569,37,18.074,0.6221
26.6706,17.8782,29.1903,1.546e-05,0.0653,0.2243,0.0609,0.5445,12.0307,56.000,28.079,14.919,0.11035,0.17395,2.3339,0.02222,83680.0,0.07278,203,24.298,2.0196
39.0992,24.4176,96.1143,1.400e-06,0.9315,0.3261,0.1707,0.2165,33.2195,112.000,94.077,15.382,0.10156,0.29858,2.8320,0.04028,124416.0,0.09601,52,91.172,2.7445
39.8280,20.6105,103.7865,1.233e-06,0.5542,0.5706,0.1848,0.7591,19.0328,84.000,60.205,23.419,0.11426,0.21497,3.1632,0.05493,122496.0,0.08199,78,64.526,3.3903
62.4242,38.5992,57.9480,3.971e-06,0.2869,0.4505,0.3060,0.4639,20.0999,128.000,58.061,27.855,0.22559,0.23389,2.8886,0.14648,123648.0,0.14078,33,55.077,2.7402
49.5410,28.4277,30.2587,1.513e-06,0.6437,0.4460,0.0305,0.1221,10.5443,48.000,37.118,4.706,0.28381,0.26337,3.5202,0.01538,136000.0,0.08752,93,37.132,3.5215
24.1718,35.2624,50.3533,2.299e-06,0.7682,0.7035,0.3545,0.7305,15.2099,112.000,55.600,35.101,0.11963,0.41571,3.6555,0.12524,121408.0,0.01322,70,53.692,3.5301
64.3151,37.9708,88.1591,4.023e-06,0.2221,0.8353,0.3107,0.5899,35.4785,196.000,84.000,51.640,0.14355,0.21533,2.3676,0.09668,169344.0,0.15602,24,84.533,2.3827
59.4452,22.4010,96.3133,2.368e-05,0.8747,0.1162,0.3869,0.2424,27.4885,112.000,59.714,28.823,0.08887,0.10205,2.1723,0.09338,128960.0,0.18693,28,36.000,1.3096
27.1256,28.4344,79.5486,4.747e-06,0.5922,0.3195,0.3279,0.0742,13.6598,96.000,79.299,7.265,0.14801,0.58685,5.8053,0.14056,152000.0,0.16446,97,75.256,5.5093
71.5937,30.5011,112.0558,3.480e-06,0.0078,0.6550,0.0672,0.3972,33.3057,168.000,96.000,37.821,0.17578,0.26367,2.8824,0.01758,168960.0,0.19824,30,88.250,2.6497
33.4616,16.5015,83.3544,5.093e-06,0.2124,0.2655,0.0755,0.7118,30.9166,56.000,41.243,14.864,0.05420,0.09314,1.3340,0.01172,74880.0,0.03406,74,43.826,1.4176
33.8354,27.1812,96.3071,6.115e-06,0.5510,0.2351,0.1104,0.0135,21.5180,104.000,88.900,9.423,0.14648,0.54260,4.1314,0.03418,168960.0,0.11605,80,82.000,3.8108
45.2670,20.0460,50.1328,4.611e-06,0.4731,0.7042,0.2803,0.4749,39.1339,84.000,44.343,19.859,0.05768,0.07104,1.1331,0.04364,119664.0,0.02433,35,43.040,1.0998
62.3076,19.3115,46.1126,2.163e-06,0.5325,0.6947,0.0976,0.1561,33.2846,68.000,49.854,8.524,0.10510,0.09357,1.4978,0.01953,120288.0,0.03926,41,47.852,1.4377
56.5832,26.3549,49.5178,2.972e-05,0.1973,0.5580,0.1892,0.0710,18.0006,60.000,31.755,12.452,0.17358,0.11761,1.7641,0.06580,120000.0,0.17604,49,21.000,1.1666
30.1551,16.6238,93.2116,2.448e-06,0.7115,0.6774,0.3283,0.6328,27.3843,56.000,42.847,13.916,0.04321,0.07715,1.5647,0.05664,76032.0,0.01122,59,43.909,1.6034
47.3532,25.6095,78.7171,4.530e-06,0.2339,0.6342,0.0917,0.2012,39.3143,104.000,72.889,16.414,0.08789,0.16016,1.8540,0.01758,119680.0,0.04876,36,71.040,1.8070
46.2134,34.6837,59.8494,8.364e-06,0.7984,0.4945,0.0150,0.5754,30.1870,132.000,52.585,32.116,0.17517,0.23029,1.7420,0.00659,151200.0,0.14082,41,48.480,1.6060
54.2209,16.5219,94.1768,3.858e-06,0.5196,0.4642,0.2696,0.6803,18.1136,56.000,40.066,15.149,0.08936,0.07458,2.2119,0.07861,120576.0,0.06376,61,40.000,2.2083
63.2751,20.3873,23.4484,5.666e-06,0.7783,0.6166,0.3761,0.1824,33.0530,36.000,25.857,4.955,0.07178,0.03314,0.7823,0.08301,120288.0,0.00739,28,24.833,0.7513
48.3517,22.7430,41.8553,2.315e-05,0.7782,0.2593,0.0908,0.6347,13.6653,112.000,30.588,20.887,0.21606,0.18530,2.2384,0.04395,131840.0,0.09304,102,24.966,1.8269
64.7926,38.5500,39.7127,2.332e-05,0.4012,0.4681,0.0899,0.5709,28.5012,80.000,28.750,18.959,0.18286,0.10767,1.0087,0.02930,125440.0,0.14643,32,21.882,0.7678
56.6529,31.5514,96.8583,8.174e-06,0.7071,0.6703,0.1934,0.7312,8.8910,168.000,76.779,49.256,0.33838,0.54126,8.6356,0.12988,165888.0,0.11465,77,73.429,8.2587
24.9371,36.7090,83.4778,5.473e-06,0.3843,0.0041,0.2942,0.2013,39.1001,112.000,75.882,15.013,0.05811,0.27557,1.9407,0.04614,130368.0,0.05041,34,70.000,1.7903
42.5687,19.7890,67.8695,6.236e-06,0.9519,0.6842,0.1831,0.3702,13.7369,84.000,57.186,18.894,0.19446,0.30890,4.1630,0.08728,133920.0,0.05107,118,55.596,4.0472
62.9331,23.8078,26.1651,1.606e-06,0.2027,0.0400,0.2818,0.1585,16.1424,44.000,32.769,5.086,0.17773,0.10400,2.0300,0.11719,121856.0,0.10203,52,31.167,1.9307
39.1364,35.3794,108.5288,1.029e-05,0.7968,0.8752,0.1270,0.6795,33.7560,196.000,76.093,50.835,0.14697,0.34949,2.2542,0.03296,158592.0,0.08295,43,56.769,1.6818
57.9670,20.3144,105.0968,1.652e-05,0.9122,0.8558,0.0860,0.2701,9.2619,84.000,57.424,18.581,0.29004,0.34698,6.2000,0.05127,170496.0,0.07437,132,51.043,5.5111
45.0586,36.6383,52.2921,2.876e-05,0.9653,0.6953,0.2681,0.0289,33.1346,44.000,26.581,8.473,0.11920,0.08801,0.8022,0.06647,119952.0,0.02283,31,23.040,0.6953
25.9189,31.4886,76.8677,1.100e-05,0.7037,0.2259,0.3939,0.0945,14.5750,92.000,67.342,11.918,0.10693,0.45007,4.6204,0.13770,122496.0,0.17841,73,56.552,3.8800
68.6544,18.4919,32.5905,4.485e-06,0.6232,0.6078,0.0680,0.2663,12.7706,60.000,34.562,9.617,0.24445,0.14081,2.7064,0.03632,126720.0,0.08158,89,33.448,2.6192
46.1127,24.9339,115.1992,7.190e-06,0.1341,0.0576,0.2621,0.5685,20.9516,112.000,83.930,27.899,0.13916,0.29199,4.0059,0.08789,153600.0,0.18667,57,75.231,3.5907
69.8461,33.6080,49.4170,1.100e-05,0.5007,0.3353,0.2095,0.7170,37.9844,144.000,42.182,31.444,0.10822,0.08350,1.1105,0.04980,141120.0,0.13553,22,23.556,0.6201
33.4078,29.1108,34.9057,1.891e-06,0.3833,0.0571,0.2713,0.7101,19.0045,140.000,45.152,31.816,0.11206,0.22406,2.3758,0.08203,128640.0,0.06879,66,46.800,2.4626
40.1653,17.9544,83.0126,6.780e-06,0.0760,0.0748,0.3572,0.0088,28.2162,56.000,56.000,0.000,0.04785,0.08374,1.9847,0.06836,122624.0,0.05215,49,56.000,1.9847
65.3422,30.1311,110.6852,1.106e-06,0.7945,0.1421,0.3987,0.7635,16.1067,168.000,99.778,51.277,0.18457,0.32886,6.1948,0.18750,169344.0,0.21014,36,93.714,5.8184
71.1119,29.3029,46.1551,3.291e-06,0.6570,0.3369,0.0956,0.6810,25.0892,140.000,50.634,37.101,0.20020,0.15839,2.0182,0.03076,160000.0,0.06603,41,43.167,1.7205
54.8894,32.7124,76.6853,5.273e-06,0.1899,0.5878,0.2175,0.3426,19.5161,140.000,69.333,26.413,0.18457,0.26660,3.5526,0.08203,158976.0,0.17669,42,55.778,2.8580
38.6120,24.9245,72.3758,2.305e-05,0.7102,0.3337,0.2011,0.2072,30.7246,104.000,45.440,19.738,0.09766,0.13867,1.4789,0.04761,122880.0,0.12536,50,32.148,1.0463
54.7450,37.0956,83.5836,2.335e-06,0.2422,0.3431,0.3632,0.1984,39.5624,120.000,83.789,18.783,0.09741,0.17004,2.1179,0.08459,123648.0,0.10127,19,78.286,1.9788
51.4258,26.7580,108.9690,1.754e-06,0.5737,0.0623,0.2675,0.4358,34.5343,140.000,100.138,32.775,0.09735,0.22156,2.8997,0.06110,126720.0,0.08673,29,101.867,2.9497
64.5517,23.1656,23.5860,1.060e-05,0.5713,0.2919,0.0609,0.6190,9.3297,84.000,25.943,16.470,0.27942,0.15674,2.7807,0.04102,128128.0,0.12360,105,23.365,2.5044
54.8116,37.6439,109.3038,4.051e-06,0.1060,0.3160,0.3484,0.1986,34.6406,144.000,103.652,22.900,0.11792,0.25464,2.9922,0.09229,153216.0,0.16172,23,98.800,2.8521
25.6415,18.6711,85.8207,2.013e-05,0.4032,0.9885,0.1813,0.3228,30.6655,84.000,43.818,18.986,0.04785,0.13220,1.4289,0.02747,87168.0,0.05220,66,36.583,1.1930
62.4001,38.8302,75.5229,1.723e-06,0.7106,0.2206,0.0386,0.0524,15.4209,88.000,78.923,4.582,0.35547,0.50098,5.1179,0.01953,143360.0,0.08638,52,77.000,4.9932
61.0260,34.1661,76.9857,4.430e-06,0.7129,0.7645,0.0744,0.4430,23.6303,156.000,71.273,33.284,0.24438,0.33496,3.0162,0.03296,168896.0,0.07955,44,68.148,2.8839
24.1755,35.2734,110.1087,1.237e-06,0.1776,0.2623,0.0097,0.3587,27.2909,112.000,91.493,19.387,0.12134,0.69385,3.3525,0.00330,147392.0,0.09279,71,88.976,3.2603
62.2284,31.8985,66.7973,2.976e-06,0.1040,0.6762,0.2322,0.3692,18.4194,132.000,64.976,25.264,0.21021,0.24390,3.5276,0.10156,163968.0,0.17549,41,57.000,3.0946
45.0773,20.0323,73.7174,1.347e-05,0.3718,0.2636,0.3471,0.4157,26.4395,84.000,57.043,20.112,0.07581,0.12012,2.1575,0.08057,121824.0,0.11318,46,47.789,1.8075
47.2297,37.3124,20.3212,1.150e-05,0.3406,0.6641,0.0646,0.4534,19.3960,60.000,21.695,10.879,0.20172,0.12720,1.1185,0.02637,125440.0,0.06710,59,18.359,0.9465
55.9768,22.3261,48.6091,2.152e-05,0.4082,0.1999,0.2804,0.1539,21.0133,68.000,36.426,12.628,0.13550,0.10413,1.7335,0.09741,126720.0,0.10453,47,26.609,1.2663
54.7071,25.8468,26.3944,2.563e-05,0.2569,0.4785,0.0672,0.6725,33.7950,68.000,21.810,16.930,0.08130,0.05054,0.6453,0.01538,120576.0,0.03030,42,15.520,0.4592
31.4842,37.0382,51.9057,3.134e-06,0.5814,0.0340,0.1710,0.3401,20.5850,104.000,53.313,17.530,0.17175,0.38153,2.5899,0.06152,120960.0,0.14335,67,51.059,2.4804
51.0377,31.6378,83.9249,2.869e-06,0.6446,0.9326,0.0115,0.1230,13.4647,112.000,81.931,10.762,0.35046,0.65259,6.0849,0.00635,159456.0,0.16600,87,80.444,5.9745
28.8478,24.4034,21.2647,5.746e-06,0.1757,0.1266,0.2622,0.2568,38.2381,44.000,26.634,6.763,0.05005,0.06665,0.6965,0.03845,75520.0,0.03696,41,25.053,0.6552
32.1783,28.3799,61.2466,4.481e-06,0.8658,0.4957,0.0649,0.0454,18.1295,72.000,61.143,5.366,0.15381,0.39185,3.3726,0.02051,120960.0,0.10151,84,57.667,3.1808
56.2426,24.2750,91.8064,4.910e-06,0.3136,0.3698,0.3907,0.4732,10.8453,112.000,81.733,27.870,0.17578,0.29932,7.5363,0.19482,153600.0,0.17445,60,73.143,6.7442
26.9896,20.8459,35.5932,1.339e-05,0.2681,0.9740,0.2845,0.7330,16.3659,84.000,30.909,22.212,0.08124,0.15149,1.8886,0.09399,100320.0,0.02042,110,29.474,1.8009
31.7376,19.0089,100.9287,2.877e-05,0.3772,0.4241,0.3091,0.5141,20.5505,84.000,50.240,25.368,0.07947,0.17175,2.4447,0.08057,119232.0,0.11019,75,37.486,1.8241
29.5225,36.9958,36.7331,1.281e-06,0.2546,0.4940,0.0201,0.1239,39.4743,56.000,42.927,5.795,0.08759,0.18799,1.0875,0.00385,121520.0,0.05664,41,41.920,1.0620
24.5147,31.1267,28.2189,5.360e-06,0.9143,0.9400,0.3859,0.1779,29.7979,44.000,29.909,6.237,0.06445,0.12048,1.0037,0.08203,99840.0,0.00897,44,28.471,0.9555
46.2135,21.8303,49.9444,1.964e-05,0.8536,0.8350,0.1095,0.1302,34.6387,64.000,31.000,11.121,0.08789,0.06812,0.8950,0.02197,120960.0,0.10793,48,25.294,0.7302
64.3161,33.4927,90.1379,1.803e-06,0.6833,0.2258,0.0690,0.7724,13.7514,168.000,81.115,49.608,0.31274,0.45300,5.8986,0.03906,158592.0,0.15092,61,75.135,5.4638
69.3183,34.9888,55.2362,1.330e-05,0.4673,0.1852,0.1740,0.3213,17.9995,88.000,43.200,17.171,0.28839,0.20764,2.4001,0.08405,166320.0,0.17917,45,31.238,1.7355
67.8344,32.0519,113.1308,1.113e-06,0.9054,0.4687,0.2761,0.1192,22.3966,144.000,114.667,14.428,0.18127,0.34644,5.1198,0.09961,162720.0,0.08318,33,108.750,4.8556
32.2810,36.8457,20.9595,3.994e-06,0.9437,0.1004,0.3348,0.5000,17.2248,68.000,27.667,12.592,0.14172,0.17291,1.6062,0.13184,120288.0,0.14103,60,25.455,1.4778
24.3640,33.3663,29.4511,2.113e-06,0.1093,0.6229,0.2057,0.5911,36.4059,96.000,34.636,19.816,0.06226,0.13843,0.9514,0.03516,119424.0,0.02032,44,34.667,0.9522
71.4167,34.3528,77.3590,1.446e-06,0.6387,0.3852,0.2516,0.3953,12.3393,164.000,76.000,29.683,0.30762,0.36530,6.1592,0.14832,157696.0,0.22919,45,67.040,5.4331
58.1067,20.2792,72.8212,1.552e-05,0.5584,0.7171,0.1294,0.7452,19.6501,84.000,41.651,25.574,0.14008,0.11908,2.1196,0.04120,126048.0,0.10718,63,33.905,1.7254
46.7422,30.5831,108.2714,1.603e-06,0.4972,0.7558,0.2672,0.1648,36.4799,140.000,106.194,17.207,0.11353,0.30139,2.9110,0.06445,145920.0,0.14194,31,104.727,2.8708
32.8226,25.8974,70.3255,2.473e-06,0.0570,0.9928,0.1838,0.3933,24.9409,112.000,68.493,25.194,0.10693,0.30518,2.7462,0.04980,118656.0,0.09495,73,64.696,2.5940
62.9593,19.0135,35.0298,2.379e-05,0.0540,0.1749,0.2119,0.7646,8.2194,84.000,30.667,22.049,0.20593,0.13513,3.7310,0.13184,132384.0,0.17006,99,28.157,3.4256
62.2164,39.8263,93.9502,1.795e-05,0.9016,0.6952,0.3177,0.5458,28.0053,116.000,48.833,26.733,0.15894,0.14233,1.7437,0.10742,139776.0,0.01141,24,45.111,1.6108
31.1060,27.9594,85.4938,1.700e-05,0.1652,0.9113,0.0917,0.6676,22.9833,140.000,55.514,37.344,0.13403,0.31305,2.4154,0.02393,119520.0,0.12262,74,43.833,1.9072
60.4871,29.3474,36.0410,1.281e-06,0.5237,0.3451,0.3117,0.7207,11.4809,140.000,47.172,31.799,0.21716,0.20654,4.1088,0.16663,133120.0,0.17758,58,47.077,4.1005
38.6513,34.6501,76.3401,2.077e-05,0.3047,0.7786,0.0497,0.0942,14.7511,84.000,45.299,16.680,0.26318,0.37256,3.0709,0.02197,150528.0,0.18022,77,34.417,2.3332
56.3365,24.0261,97.5600,1.447e-05,0.3580,0.5512,0.0770,0.3195,37.7586,112.000,68.000,25.856,0.10840,0.15356,1.8009,0.01538,141312.0,0.05710,37,60.522,1.6029
50.6082,19.2545,86.1201,1.511e-06,0.4110,0.7958,0.0960,0.4693,20.7028,84.000,66.263,17.428,0.15308,0.23053,3.2007,0.03174,144672.0,0.10491,76,64.596,3.1201
37.0640,27.4430,84.9262,1.687e-05,0.8218,0.2067,0.1311,0.3748,28.9452,140.000,53.587,23.686,0.13458,0.25757,1.8513,0.03461,126560.0,0.12786,63,43.784,1.5126
33.9883,37.3551,41.7815,2.270e-05,0.6911,0.6829,0.1311,0.2182,20.8001,48.000,25.543,9.028,0.17340,0.18903,1.2280,0.04834,120960.0,0.05196,70,21.583,1.0377
42.5447,26.4098,102.1860,4.511e-06,0.5140,0.8087,0.0869,0.1973,11.7714,136.000,91.434,20.301,0.27191,0.69061,7.7675,0.04230,158400.0,0.20164,99,86.388,7.3388
58.2419,28.2110,28.6866,7.054e-06,0.0162,0.4280,0.3510,0.0215,22.9487,36.000,33.143,2.451,0.13885,0.08850,1.4442,0.12177,126880.0,0.08774,35,30.909,1.3469
64.1229,36.8394,27.3586,4.063e-06,0.8315,0.8988,0.1905,0.3352,24.2651,56.000,30.750,11.244,0.19141,0.10510,1.2673,0.07031,123872.0,0.01046,32,30.667,1.2638
63.8006,33.4002,63.0029,1.553e-05,0.8518,0.5260,0.3950,0.6345,20.9085,148.000,48.970,35.926,0.16919,0.14795,2.3421,0.16406,120960.0,0.25574,33,28.333,1.3551
30.9044,39.8410,36.8205,1.476e-06,0.1338,0.0800,0.1564,0.0823,33.7390,52.000,43.404,3.298,0.13770,0.24902,1.2865,0.04395,129024.0,0.07316,47,43.172,1.2796
49.8203,19.0880,41.7140,2.626e-06,0.6664,0.6836,0.2756,0.5623,24.1898,84.000,42.429,21.669,0.10254,0.10876,1.7540,0.07690,119520.0,0.02987,56,39.300,1.6247
57.0283,33.4462,106.9940,2.510e-06,0.3254,0.5324,0.1720,0.3955,13.0443,168.000,101.750,36.303,0.28125,0.59619,7.8003,0.08887,161280.0,0.25488,64,92.727,7.1086
29.0159,35.3919,44.0345,1.606e-06,0.3642,0.0813,0.1665,0.1602,11.1057,68.000,49.920,7.621,0.21362,0.53320,4.4950,0.07690,140000.0,0.11412,100,49.481,4.4555
26.4894,31.9266,57.9980,1.848e-06,0.7783,0.9275,0.3120,0.4916,23.3920,140.000,59.643,29.474,0.10254,0.30579,2.5497,0.08545,119520.0,0.01507,56,61.667,2.6362
41.8219,38.5348,26.1632,7.743e-06,0.3772,0.6893,0.1814,0.2452,29.8445,48.000,26.900,7.848,0.15625,0.13135,0.9013,0.05493,126976.0,0.03473,40,24.714,0.8281
59.1788,29.7777,60.3942,3.077e-06,0.9028,0.5916,0.2722,0.4852,36.2113,140.000,66.759,35.062,0.11505,0.14771,1.8436,0.07050,159120.0,0.08852,29,73.333,2.0251
51.6194,30.2559,36.2156,1.555e-05,0.4904,0.3065,0.0090,0.0852,30.7193,44.000,28.583,7.916,0.19336,0.12561,0.9305,0.00000,121440.0,0.07376,48,22.857,0.7441
28.7456,17.8612,45.2505,1.599e-06,0.8967,0.5222,0.0093,0.5486,32.9409,56.000,41.873,13.854,0.04822,0.10095,1.2712,0.00171,66880.0,0.10061,79,43.814,1.3301
26.2250,39.6100,73.1198,7.812e-06,0.0900,0.4151,0.3185,0.1883,17.1564,108.000,65.731,14.014,0.16357,0.53760,3.8313,0.13672,140160.0,0.16112,67,59.886,3.4906
24.9562,35.2410,28.2610,1.140e-06,0.5008,0.8876,0.2443,0.1324,20.8645,44.000,35.360,4.846,0.12817,0.28326,1.6947,0.07910,122304.0,0.02934,75,35.733,1.7126
35.7468,23.5890,68.4797,2.915e-06,0.1188,0.7189,0.3001,0.3326,36.3038,112.000,66.667,20.180,0.06665,0.15869,1.8364,0.05603,126784.0,0.07916,39,62.000,1.7078
68.7347,19.9263,50.4749,2.815e-06,0.3418,0.3782,0.0798,0.2842,15.5226,84.000,52.000,13.811,0.21149,0.18329,3.3500,0.03632,152640.0,0.11128,77,50.133,3.2297
56.1370,38.1634,83.7955,1.954e-06,0.9340,0.6872,0.2862,0.4778,23.4064,192.000,77.647,39.718,0.19922,0.32227,3.3173,0.11963,155136.0,0.01196,34,77.760,3.3222
42.5181,35.1657,76.9135,2.595e-05,0.4458,0.7875,0.1532,0.1968,29.7428,104.000,35.830,20.495,0.17761,0.17914,1.2047,0.05438,119952.0,0.14757,47,26.171,0.8799
51.5163,33.0501,77.3940,6.440e-06,0.0561,0.7955,0.0222,0.4158,15.7096,168.000,67.294,30.214,0.27393,0.41895,4.2836,0.01270,167904.0,0.22213,68,56.952,3.6253
67.5758,21.4047,30.8883,2.768e-05,0.2981,0.1610,0.2187,0.2794,39.7208,44.000,23.520,9.753,0.05731,0.02582,0.5921,0.03632,113040.0,0.04419,25,15.600,0.3927
45.6412,37.5015,49.5763,1.299e-05,0.5473,0.2464,0.0316,0.5234,30.9176,92.000,40.098,22.376,0.15454,0.17487,1.2969,0.00604,121968.0,0.13257,41,35.520,1.1489
27.7046,30.2829,58.6420,4.176e-06,0.7492,0.9911,0.1547,0.3926,9.0454,116.000,58.000,22.913,0.26001,0.75403,6.4121,0.08887,164640.0,0.02575,142,55.962,6.1867
51.3080,17.1959,74.2920,1.081e-06,0.0738,0.6545,0.1113,0.6183,21.6837,56.000,41.609,14.383,0.11682,0.11047,1.9189,0.03491,118976.0,0.04484,87,40.136,1.8510
35.1267,21.4376,26.6785,1.317e-06,0.6031,0.6283,0.1490,0.2604,22.0493,56.000,33.333,8.500,0.09613,0.11444,1.5118,0.03571,117600.0,0.02343,75,33.280,1.5093
64.3307,34.2686,75.1184,2.013e-06,0.5609,0.5875,0.1430,0.3809,35.0912,144.000,74.133,31.117,0.17944,0.23755,2.1126,0.04395,161504.0,0.12826,30,76.421,2.1778
49.0655,27.9590,92.3135,1.945e-06,0.8702,0.3461,0.0222,0.1522,30.1204,124.000,92.255,14.158,0.14343,0.33081,3.0629,0.00513,166400.0,0.07909,47,89.926,2.9856
48.1812,25.5847,100.6662,9.287e-06,0.4288,0.3450,0.3525,0.2695,33.3451,112.000,80.229,22.907,0.08545,0.17139,2.4060,0.08350,126080.0,0.15148,35,68.000,2.0393
35.7660,38.6897,81.9066,1.473e-06,0.7147,0.6974,0.2255,0.2061,13.1724,120.000,82.686,17.640,0.23926,0.70654,6.2772,0.10986,163072.0,0.08389,70,81.231,6.1668
61.3447,26.0444,46.0159,1.888e-05,0.4277,0.5484,0.3772,0.5411,22.1273,92.000,37.294,23.338,0.12518,0.09509,1.6854,0.12817,121680.0,0.13555,34,21.000,0.9491
55.6446,34.6410,92.6422,3.377e-06,0.6143,0.3752,0.1713,0.3430,31.0707,160.000,86.207,33.999,0.14868,0.26703,2.7745,0.04614,150528.0,0.13938,29,80.000,2.5748
29.3547,23.1276,43.5408,4.463e-06,0.1935,0.4656,0.0360,0.5861,25.7368,112.000,45.931,26.525,0.10620,0.24390,1.7846,0.00769,127680.0,0.04919,87,44.163,1.7160
54.8859,35.6234,116.8914,2.014e-06,0.8824,0.1443,0.3405,0.3622,12.2077,196.000,112.870,39.093,0.23584,0.55457,9.2458,0.18457,157248.0,0.18511,46,105.000,8.6011
62.4426,26.0494,54.6972,5.223e-06,0.8299,0.6131,0.0167,0.6235,36.3466,140.000,53.846,36.982,0.16663,0.16022,1.4815,0.00684,152320.0,0.07667,39,54.154,1.4899
43.1532,32.1402,29.0577,1.767e-06,0.9617,0.3305,0.1737,0.4989,18.7568,88.000,34.441,17.193,0.19446,0.18604,1.8362,0.06982,122688.0,0.08376,59,34.345,1.8311
69.7947,17.9051,25.2409,4.972e-06,0.0950,0.5422,0.0918,0.2911,31.2471,56.000,29.244,9.231,0.08240,0.04016,0.9359,0.02075,120960.0,0.02596,45,27.040,0.8654
48.2586,20.7128,36.4439,2.917e-05,0.6785,0.2092,0.0656,0.2499,38.8386,52.000,25.189,10.182,0.06165,0.04181,0.6486,0.01099,103200.0,0.02489,37,20.348,0.5239
62.7932,29.2480,92.5870,1.485e-06,0.7165,0.5152,0.2493,0.3102,13.8818,140.000,88.519,26.489,0.23071,0.36469,6.3766,0.12305,156800.0,0.16024,54,81.538,5.8738
34.4164,22.2734,40.5311,1.868e-05,0.4648,0.6394,0.0868,0.0363,17.5841,48.000,30.263,8.512,0.16919,0.18286,1.7210,0.02966,120960.0,0.09705,99,25.079,1.4263
68.7301,33.9275,103.4179,2.506e-05,0.1888,0.5726,0.3018,0.5013,21.0807,152.000,67.871,43.254,0.16608,0.19208,3.2196,0.11621,126720.0,0.16895,31,41.429,1.9652
66.3133,37.7952,20.3773,1.769e-05,0.9363,0.8831,0.3734,0.0117,37.7243,24.000,19.111,2.131,0.11536,0.03674,0.5066,0.09338,126000.0,0.00837,18,18.462,0.4894
65.3653,34.3715,88.2217,6.044e-06,0.8559,0.9830,0.1224,0.5329,32.3434,192.000,74.065,45.775,0.18542,0.24524,2.2899,0.03516,101920.0,0.03139,31,69.200,2.1395
58.3628,16.1430,71.6837,3.178e-06,0.1871,0.7088,0.3205,0.2917,22.8036,56.000,47.592,7.634,0.07776,0.07117,2.0870,0.08423,119392.0,0.02819,49,47.444,2.0806
66.6181,39.9967,62.5349,1.301e-05,0.8489,0.1427,0.1561,0.4063,32.7444,100.000,46.267,22.924,0.21973,0.16943,1.4130,0.05188,168960.0,0.17312,30,42.105,1.2859
25.5152,32.1067,117.5421,2.018e-06,0.3846,0.2053,0.0472,0.3863,17.4144,112.000,94.000,19.740,0.16699,0.98108,5.3978,0.01758,167424.0,0.11256,114,96.121,5.5196
47.0092,18.9329,62.6863,1.412e-05,0.9544,0.6003,0.0446,0.1572,23.7097,84.000,44.486,13.809,0.13550,0.15070,1.8763,0.01099,120000.0,0.13502,74,36.174,1.5257
40.0481,35.6915,96.6994,5.161e-06,0.6286,0.9689,0.1935,0.4490,20.0062,176.000,79.034,34.170,0.19824,0.48962,3.9505,0.07690,157696.0,0.10172,58,78.047,3.9011
65.1772,25.2701,103.9890,2.394e-05,0.4035,0.9484,0.3806,0.6998,25.5038,112.000,45.935,30.948,0.10339,0.08667,1.8011,0.11133,134400.0,0.08943,31,34.609,1.3570
62.5097,26.5195,116.7197,1.258e-05,0.3943,0.6966,0.0063,0.5903,39.1350,140.000,77.000,42.300,0.11963,0.16449,1.9675,0.00000,151200.0,0.16467,28,50.857,1.2995
29.5514,37.4297,83.0899,3.194e-06,0.6349,0.5750,0.3763,0.6746,13.4761,140.000,81.653,40.740,0.16022,0.65411,6.0591,0.17303,155120.0,0.14539,75,82.270,6.1049
67.2468,18.6462,90.7342,1.669e-06,0.6702,0.2206,0.0253,0.5847,11.0812,84.000,63.872,20.383,0.25818,0.27484,5.7640,0.01038,167040.0,0.10599,94,65.448,5.9062
66.1221,23.6694,28.4568,4.959e-06,0.7401,0.1178,0.1776,0.2762,21.6275,56.000,32.089,9.596,0.16479,0.08813,1.4837,0.06226,119040.0,0.06151,45,29.500,1.3640
60.3006,28.9339,71.4266,1.205e-06,0.6272,0.8518,0.2707,0.1181,18.6487,96.000,75.818,8.440,0.17456,0.25452,4.0656,0.10254,161200.0,0.13780,44,73.548,3.9439
63.1063,23.8820,40.2157,3.100e-06,0.7551,0.6143,0.0361,0.5176,16.9208,112.000,42.029,22.736,0.23584,0.17700,2.4839,0.01758,123648.0,0.13674,69,39.636,2.3425
44.9105,27.6722,100.2947,1.044e-06,0.3292,0.1142,0.1717,0.7941,23.8650,140.000,88.692,44.096,0.14282,0.35187,3.7164,0.05170,165600.0,0.13877,52,82.154,3.4424
68.7483,23.5690,85.5259,2.058e-06,0.4808,0.7053,0.0541,0.3839,37.1999,112.000,75.733,24.021,0.10986,0.13867,2.0358,0.01245,122880.0,0.13164,30,70.250,1.8884
26.8811,37.7347,58.8083,3.396e-06,0.9930,0.7998,0.0831,0.4534,28.3778,136.000,54.909,25.380,0.14099,0.38708,1.9349,0.02307,130480.0,0.06119,66,52.696,1.8569
32.0157,17.7674,26.3581,7.997e-06,0.7219,0.6671,0.0180,0.7554,10.6272,56.000,30.186,17.985,0.12634,0.17871,2.8404,0.00781,106368.0,0.10698,194,28.254,2.6587
36.9786,18.4718,56.4274,1.299e-06,0.7508,0.0632,0.2222,0.5626,31.4242,84.000,56.245,21.915,0.06281,0.12616,1.7899,0.03845,120624.0,0.10949,49,52.174,1.6603
66.6130,24.8428,79.7347,1.695e-06,0.2762,0.1321,0.2776,0.3375,15.3868,112.000,73.846,22.236,0.19043,0.23438,4.7993,0.12451,162240.0,0.20777,52,65.333,4.2461
47.7835,38.1223,103.7827,3.349e-06,0.6945,0.7235,0.0786,0.1118,14.0486,132.000,95.394,12.730,0.32227,0.76855,6.7903,0.04395,158720.0,0.14843,66,91.818,6.5358
61.6480,37.0640,32.3332,5.183e-06,0.8189,0.8934,0.1116,0.0982,29.9389,44.000,34.556,4.232,0.19995,0.13287,1.1542,0.03296,133952.0,0.02093,36,33.538,1.1202
25.2190,36.9616,27.7068,7.322e-06,0.2885,0.1943,0.3179,0.2181,12.6478,48.000,30.989,7.743,0.16235,0.31445,2.4502,0.14832,123200.0,0.07713,95,27.911,2.2068
25.3824,38.7781,115.7949,6.183e-06,0.9127,0.0947,0.0035,0.3089,39.6032,112.000,87.750,20.646,0.09375,0.51416,2.2157,0.00000,126464.0,0.07763,48,84.286,2.1283
67.9223,25.0336,70.4749,2.380e-06,0.9356,0.2187,0.0376,0.5664,37.0066,112.000,62.323,29.196,0.11353,0.11792,1.6841,0.00623,119040.0,0.15135,31,52.533,1.4196
28.4482,37.9498,30.9015,5.132e-06,0.9120,0.3110,0.3542,0.5951,8.9600,100.000,40.404,22.780,0.20618,0.42505,4.5094,0.21149,126000.0,0.14805,99,39.317,4.3881
54.1988,19.9673,27.0130,1.468e-05,0.2989,0.2476,0.0360,0.2287,16.1155,48.000,24.766,7.680,0.20508,0.10638,1.5368,0.01709,119808.0,0.06386,94,20.929,1.2987
55.9000,27.7252,72.6886,7.164e-06,0.6965,0.4001,0.2768,0.7478,27.4235,140.000,59.385,40.596,0.14282,0.17670,2.1655,0.08972,128640.0,0.18702,39,46.800,1.7066
66.4041,38.6343,64.6940,2.496e-05,0.4610,0.5522,0.0782,0.5968,38.1735,128.000,42.909,30.918,0.14429,0.11304,1.1241,0.02075,138240.0,0.18973,22,22.400,0.5868
67.2407,37.9820,115.2028,5.870e-06,0.1415,0.4623,0.0852,0.5897,24.7732,196.000,98.486,55.670,0.23712,0.38922,3.9755,0.02802,161280.0,0.15074,37,97.391,3.9313
52.3900,21.8475,89.3979,8.234e-06,0.0120,0.2448,0.3447,0.5914,14.3391,84.000,62.500,22.187,0.12891,0.18311,4.3587,0.13489,129888.0,0.14183,64,56.857,3.9652
64.2794,33.4948,88.4652,1.308e-05,0.6495,0.9530,0.0030,0.7528,11.1128,168.000,64.424,45.714,0.33453,0.38892,5.7973,0.00000,147840.0,0.22242,66,54.381,4.8936
58.3601,21.7615,50.8695,2.610e-05,0.5437,0.9821,0.3771,0.5358,38.5622,80.000,24.320,16.625,0.04962,0.02698,0.6307,0.06866,106080.0,0.02611,25,20.800,0.5394
35.5503,23.3032,27.8243,6.066e-06,0.9042,0.7480,0.1131,0.0138,13.9062,36.000,31.000,2.811,0.21191,0.23462,2.2292,0.05273,120512.0,0.06015,124,30.089,2.1637
47.8669,16.0505,86.8130,1.914e-06,0.1697,0.3444,0.1262,0.1831,39.2151,56.000,50.564,5.242,0.04761,0.06018,1.2894,0.01758,120960.0,0.02045,39,50.182,1.2797
53.0441,39.3930,106.4966,3.111e-06,0.8297,0.1156,0.2956,0.2104,23.5609,148.000,101.412,22.056,0.18262,0.42090,4.3042,0.11108,140800.0,0.10137,34,94.571,4.0139
71.9758,16.6580,69.4021,2.395e-06,0.0095,0.5357,0.2074,0.3018,22.4953,56.000,48.667,7.846,0.09375,0.07129,2.1634,0.05273,122880.0,0.04213,48,48.667,2.1634
40.7745,23.6874,70.1202,1.192e-05,0.1852,0.6360,0.3812,0.5451,14.9842,112.000,48.179,28.707,0.12939,0.19666,3.2153,0.15015,119296.0,0.09886,67,43.451,2.8998
56.3235,24.5271,62.1330,2.247e-05,0.5913,0.3582,0.2386,0.5865,37.9975,112.000,44.667,30.006,0.08130,0.08093,1.1755,0.05127,127488.0,0.04896,30,39.500,1.0395
63.1785,25.2456,20.9167,2.004e-05,0.0496,0.6011,0.0150,0.1952,8.6095,36.000,18.873,6.009,0.31189,0.11792,2.1921,0.01172,121856.0,0.12494,110,15.886,1.8451
70.5477,36.4010,91.3062,2.104e-06,0.7216,0.6310,0.0078,0.5867,36.8709,196.000,84.857,50.397,0.19141,0.25378,2.3015,0.00000,143360.0,0.09927,28,75.000,2.0341
34.4190,30.4867,49.3174,2.490e-05,0.1109,0.4932,0.1752,0.5242,36.3068,96.000,32.700,21.650,0.08441,0.11536,0.9007,0.03955,120960.0,0.06412,40,21.000,0.5784
61.1385,37.9001,68.8699,1.482e-05,0.2031,0.1767,0.2602,0.7702,26.1008,168.000,61.600,49.473,0.15771,0.19592,2.3601,0.08240,125216.0,0.11064,30,62.750,2.4041
31.8629,29.9114,84.7455,3.074e-06,0.9331,0.0292,0.2730,0.0283,23.0952,96.000,86.102,5.068,0.10803,0.38757,3.7281,0.07520,127200.0,0.15722,59,81.692,3.5372
29.9568,36.6926,59.5993,5.010e-06,0.5973,0.6132,0.0667,0.7644,20.0695,140.000,57.524,40.365,0.17767,0.51538,2.8662,0.02307,127120.0,0.08736,84,55.714,2.7761
26.3488,19.3616,44.0256,2.191e-06,0.8584,0.7248,0.1256,0.6097,24.8564,84.000,46.759,23.833,0.07965,0.18622,1.8812,0.02563,121920.0,0.08221,87,46.255,1.8609
58.8128,26.2381,98.0432,2.497e-05,0.6142,0.9258,0.3062,0.6415,28.1825,140.000,47.097,39.424,0.11328,0.10992,1.6711,0.08972,143520.0,0.06620,31,30.833,1.0941
67.9112,32.6899,84.8319,4.556e-06,0.3161,0.6133,0.3486,0.2914,32.2442,128.000,73.692,23.798,0.14282,0.17542,2.2854,0.11621,136800.0,0.10642,26,70.588,2.1892
29.7492,38.5283,75.7464,1.147e-05,0.2851,0.7713,0.0648,0.7706,23.3260,140.000,54.866,38.166,0.15967,0.44751,2.3521,0.02136,140160.0,0.10161,67,47.024,2.0160
61.3846,30.7128,86.8600,1.327e-06,0.9859,0.2623,0.3816,0.0055,8.7029,96.000,92.615,2.403,0.24756,0.44092,10.6419,0.23438,170976.0,0.14036,52,90.909,10.4459
46.5890,27.0635,23.4931,5.785e-06,0.0104,0.8261,0.1526,0.5316,25.5045,68.000,26.717,14.386,0.13977,0.10345,1.0475,0.05127,124800.0,0.04649,53,23.568,0.9241
58.3124,23.3162,53.9707,2.730e-05,0.1382,0.0628,0.1638,0.4677,39.6662,80.000,32.485,19.466,0.09009,0.06348,0.8190,0.03845,123136.0,0.04688,33,25.263,0.6369
53.6918,38.9107,31.4605,3.531e-06,0.5644,0.2110,0.0960,0.5830,18.5798,104.000,35.294,21.339,0.26978,0.21899,1.8996,0.03967,157696.0,0.11440,51,29.692,1.5981
52.9584,36.4129,48.9170,1.706e-05,0.9711,0.5061,0.0123,0.0560,9.3602,56.000,36.644,10.272,0.40887,0.34052,3.9149,0.00714,162624.0,0.09510,87,30.038,3.2091
29.0438,20.6238,79.3363,7.947e-06,0.3416,0.3245,0.0599,0.5797,19.8545,84.000,59.717,22.291,0.10345,0.30890,3.0077,0.01495,121920.0,0.08819,113,56.537,2.8476
68.0214,19.4193,35.8218,5.032e-06,0.1228,0.5904,0.2833,0.3934,34.6525,72.000,38.615,15.959,0.07141,0.04596,1.1144,0.05188,120240.0,0.07835,26,39.385,1.1366
45.7280,33.0236,114.8290,1.117e-06,0.7146,0.2782,0.3024,0.2915,12.4285,168.000,116.696,32.166,0.22742,0.73718,9.3894,0.16113,160704.0,0.14462,69,113.730,9.1507
55.1485,31.1583,27.1168,2.224e-05,0.7688,0.8799,0.1555,0.1415,33.2114,32.000,20.588,5.325,0.13623,0.06189,0.6199,0.04102,120960.0,0.01395,34,18.615,0.5605
59.4706,28.7792,119.4880,1.288e-06,0.8427,0.1036,0.1923,0.3270,18.2436,140.000,109.917,24.221,0.19043,0.40253,6.0249,0.07690,168480.0,0.15379,48,105.500,5.7828
59.7762,34.6608,36.4391,2.688e-06,0.6512,0.9336,0.1738,0.4049,24.1202,84.000,40.700,16.921,0.22217,0.17389,1.6874,0.06592,136864.0,0.04311,40,40.296,1.6706
45.6133,33.8301,96.0844,1.455e-06,0.0295,0.8294,0.0896,0.7232,13.7372,168.000,91.822,50.666,0.29663,0.75659,6.6842,0.04834,146016.0,0.21290,90,87.667,6.3817
68.5547,24.0614,53.0910,1.457e-06,0.6895,0.8416,0.3332,0.2934,33.4686,92.000,53.067,13.463,0.10986,0.09717,1.5856,0.09338,133440.0,0.03125,30,51.667,1.5437
56.5254,24.0158,82.3538,4.585e-06,0.4025,0.8749,0.3498,0.6446,38.0913,112.000,61.385,31.573,0.07617,0.09741,1.6115,0.07178,142848.0,0.05222,26,56.421,1.4812
62.1999,34.5033,49.0972,4.518e-06,0.3513,0.0595,0.2253,0.6605,11.6444,164.000,49.652,33.420,0.27515,0.24396,4.2640,0.12305,155232.0,0.21827,46,41.333,3.5496
56.1390,21.9896,80.9902,6.252e-06,0.4365,0.4180,0.0884,0.2841,12.7458,84.000,67.176,14.610,0.22412,0.31366,5.2705,0.04272,168768.0,0.17354,102,63.533,4.9846
31.4812,20.7339,37.8877,8.800e-06,0.7917,0.0449,0.0856,0.5007,30.5287,84.000,34.848,16.562,0.07251,0.10529,1.1415,0.01465,92160.0,0.06331,66,31.889,1.0446
42.4412,33.1319,34.5527,9.872e-06,0.8462,0.2892,0.0460,0.7757,35.1263,116.000,35.300,29.811,0.10876,0.12524,1.0049,0.01074,142560.0,0.13872,40,33.333,0.9490
29.9714,31.8825,62.5459,2.981e-05,0.3794,0.6123,0.2740,0.4318,8.4956,112.000,28.852,18.882,0.18970,0.31201,3.3962,0.15723,120000.0,0.05703,122,22.087,2.5998
69.2897,20.2529,116.2562,1.398e-05,0.8608,0.9139,0.1300,0.0529,16.1811,84.000,67.945,13.447,0.20050,0.22705,4.1990,0.05707,166320.0,0.07869,73,61.680,3.8118
57.1650,38.7112,110.5705,8.659e-06,0.6615,0.7570,0.0392,0.5549,16.9229,224.000,84.852,50.519,0.35742,0.63184,5.0141,0.01709,168960.0,0.22095,61,72.100,4.2605
25.9306,32.6709,74.6036,1.125e-06,0.2949,0.0319,0.0711,0.6868,38.3887,112.000,68.000,32.306,0.07617,0.32373,1.7714,0.01172,128256.0,0.04036,52,70.353,1.8326
27.0237,34.6143,50.5841,3.788e-06,0.0386,0.6390,0.1856,0.3514,33.9563,104.000,51.391,18.330,0.09827,0.25250,1.5135,0.03845,129920.0,0.03468,46,48.857,1.4388
39.1372,29.8938,29.2430,1.183e-06,0.7929,0.5051,0.2773,0.1760,16.2914,48.000,36.333,6.351,0.17578,0.19958,2.2302,0.11536,121600.0,0.12931,72,35.400,2.1729
57.6136,22.9083,113.0543,8.283e-06,0.3952,0.3472,0.3907,0.3275,38.0519,112.000,90.667,21.868,0.07031,0.13281,2.3827,0.08203,139008.0,0.06024,24,90.400,2.3757
29.9635,23.9216,40.9004,1.735e-05,0.6377,0.2291,0.1351,0.4247,26.3931,80.000,32.457,15.807,0.08057,0.13684,1.2298,0.02820,105600.0,0.13900,70,25.081,0.9503
58.1721,31.2087,101.3970,3.413e-06,0.4288,0.3996,0.1864,0.7310,36.5713,168.000,86.857,54.331,0.13330,0.22266,2.3750,0.05127,159744.0,0.15787,28,81.231,2.2212
37.2903,38.4213,56.2674,2.266e-05,0.1326,0.4779,0.2873,0.5829,29.9655,132.000,37.700,23.356,0.12866,0.18213,1.2581,0.08789,133504.0,0.07184,40,30.667,1.0234
30.5685,34.5557,56.4206,5.278e-06,0.7792,0.5203,0.1098,0.1542,27.4807,80.000,54.316,8.172,0.14612,0.33069,1.9765,0.03076,124992.0,0.07091,57,51.394,1.8702
24.3916,16.1418,112.3567,3.510e-06,0.2994,0.4794,0.0637,0.1965,39.8381,56.000,50.507,5.522,0.03271,0.10327,1.2678,0.00732,62976.0,0.02941,67,51.415,1.2906
62.8388,24.0762,53.0145,1.627e-05,0.6850,0.5839,0.1040,0.2982,28.1929,76.000,41.000,16.340,0.13672,0.10010,1.4543,0.02930,125440.0,0.07867,40,32.174,1.1412
55.0643,20.3421,110.3743,2.415e-06,0.9559,0.0497,0.1319,0.4857,27.8106,84.000,65.615,17.227,0.11426,0.15619,2.3594,0.03418,124992.0,0.13105,52,63.250,2.2743
69.0595,31.2851,66.9440,3.195e-06,0.6740,0.8866,0.2193,0.0121,19.2038,76.000,68.686,3.639,0.19226,0.22009,3.5767,0.08301,156960.0,0.07148,35,66.880,3.4826
38.6236,39.5804,97.1167,2.677e-05,0.7995,0.5755,0.3046,0.1296,39.9891,76.000,40.800,13.764,0.09766,0.12451,1.0203,0.06714,131072.0,0.01522,25,34.667,0.8669
57.1207,27.7130,47.2483,1.070e-05,0.9498,0.8171,0.2455,0.6779,25.2796,140.000,39.707,30.570,0.14722,0.12384,1.5707,0.07776,123840.0,0.01932,41,33.000,1.3054
36.4219,21.6042,79.3638,1.496e-06,0.8423,0.1831,0.1325,0.7626,21.8354,84.000,59.277,23.671,0.12048,0.25507,2.7147,0.03845,119952.0,0.13477,94,57.357,2.6268
53.8891,22.6142,83.2440,2.430e-06,0.5698,0.4154,0.3961,0.0444,11.5733,96.000,86.176,5.153,0.18262,0.35767,7.4462,0.20947,156288.0,0.14674,68,82.857,7.1594
60.0607,34.1922,59.5092,1.688e-05,0.7131,0.6028,0.0116,0.7307,28.8392,140.000,45.200,36.477,0.20435,0.19092,1.5673,0.00000,122304.0,0.09900,40,41.538,1.4403
50.6077,35.9610,52.4888,2.098e-06,0.4851,0.9786,0.0187,0.4704,32.2940,128.000,55.707,28.151,0.19269,0.24396,1.7250,0.00714,135520.0,0.15784,41,54.615,1.6912
51.6891,29.5372,53.2973,2.876e-05,0.5422,0.7245,0.0142,0.7109,29.7097,120.000,30.189,27.544,0.12024,0.11310,1.0161,0.00555,144320.0,0.17277,53,19.273,0.6487
54.9756,23.7558,117.0492,9.153e-06,0.5990,0.0960,0.2774,0.7843,14.3439,112.000,78.492,33.483,0.17871,0.29224,5.4721,0.11792,152064.0,0.16470,61,73.655,5.1349
67.5858,31.0967,74.8176,1.860e-05,0.3537,0.9558,0.0403,0.0590,28.5320,84.000,48.632,16.040,0.20874,0.16919,1.7045,0.01660,132480.0,0.09050,38,39.538,1.3858
59.1930,31.6377,65.4682,3.986e-06,0.4184,0.9419,0.3547,0.0830,25.1312,80.000,61.943,7.115,0.16663,0.19849,2.4648,0.13916,136032.0,0.13899,35,58.880,2.3429
71.4805,19.0680,60.5972,1.013e-06,0.9158,0.3993,0.0092,0.0105,28.6259,68.000,67.440,1.388,0.14648,0.15436,2.3559,0.00000,126720.0,0.08162,50,67.067,2.3429
66.9823,28.0270,51.3357,2.918e-06,0.4538,0.6113,0.2103,0.0344,12.7633,60.000,54.456,3.245,0.26093,0.23682,4.2666,0.10895,158400.0,0.08153,57,53.200,4.1682
42.6137,27.2325,117.1783,2.300e-06,0.2954,0.2587,0.1620,0.5857,19.7676,140.000,98.687,36.513,0.18402,0.50446,4.9923,0.06110,160560.0,0.14017,67,102.811,5.2010
70.6053,39.0813,72.5674,1.876e-06,0.2794,0.5586,0.2188,0.2695,23.3081,116.000,76.000,21.956,0.24219,0.28760,3.2607,0.09888,143360.0,0.12461,31,77.647,3.3313
57.6643,20.3768,107.4576,1.983e-05,0.6100,0.7796,0.3309,0.7477,19.2470,84.000,48.083,25.423,0.10254,0.10535,2.4982,0.10254,123264.0,0.07552,48,40.824,2.1210
41.9855,39.7254,27.8244,1.383e-06,0.2419,0.8324,0.2015,0.2532,36.3579,56.000,33.379,9.528,0.11328,0.11816,0.9181,0.04272,130048.0,0.02886,29,34.600,0.9517
40.2862,20.9246,23.6569,1.325e-06,0.9222,0.4521,0.0452,0.6081,8.0251,84.000,35.302,20.334,0.23633,0.27502,4.3990,0.02441,120192.0,0.12539,172,34.077,4.2463
40.8988,17.8203,44.9945,7.272e-06,0.8113,0.5535,0.2539,0.5369,38.0471,56.000,37.700,14.585,0.03906,0.04602,0.9909,0.03418,88576.0,0.09558,40,34.200,0.8989
60.0423,39.8364,115.3179,7.189e-06,0.2453,0.8634,0.3737,0.3240,28.9981,148.000,90.545,29.605,0.13965,0.24316,3.1225,0.11902,139776.0,0.20464,22,84.000,2.8967
53.8839,26.3616,63.3396,1.288e-06,0.5779,0.2903,0.0900,0.4949,12.2404,140.000,68.506,32.359,0.29205,0.45471,5.5967,0.04999,158400.0,0.12900,87,71.840,5.8691
52.2418,24.9760,81.6007,1.427e-06,0.7775,0.1488,0.3766,0.0284,22.4995,92.000,87.568,3.453,0.09937,0.19775,3.8920,0.10950,120384.0,0.21282,37,85.538,3.8018
30.0443,31.8682,70.7926,2.812e-05,0.4864,0.9472,0.1813,0.2701,31.8744,76.000,29.462,13.990,0.10602,0.13788,0.9243,0.04688,118656.0,0.03777,52,24.100,0.7561
54.1295,37.5309,59.7367,6.672e-06,0.0678,0.2277,0.2310,0.7689,33.5851,192.000,62.815,53.608,0.13037,0.17969,1.8703,0.06152,102144.0,0.16433,27,59.333,1.7667
61.7043,38.6296,61.1678,2.954e-05,0.8199,0.3501,0.1508,0.2388,9.2817,92.000,36.407,18.050,0.36963,0.26147,3.9224,0.10071,166400.0,0.24491,59,23.742,2.5579
35.5608,33.8458,100.7917,3.952e-06,0.1804,0.7897,0.2798,0.6369,30.1351,168.000,81.900,44.299,0.10254,0.29993,2.7178,0.07031,153216.0,0.13564,40,73.630,2.4433
29.9108,30.5306,23.6229,2.251e-06,0.0576,0.6981,0.2352,0.4718,38.9631,68.000,29.297,14.939,0.06628,0.09869,0.7519,0.04102,118560.0,0.01769,37,27.286,0.7003
37.8927,29.9288,93.6805,8.541e-06,0.4602,0.6945,0.0319,0.2574,32.1994,140.000,74.519,24.395,0.11536,0.30701,2.3143,0.00769,127680.0,0.12781,54,61.333,1.9048
67.1423,30.3389,75.5504,1.783e-06,0.9505,0.6862,0.1919,0.4188,20.9399,156.000,74.333,32.116,0.19775,0.24500,3.5498,0.07471,162720.0,0.01395,36,71.077,3.3943
32.8769,34.3837,68.8193,2.120e-06,0.1899,0.2673,0.3592,0.6007,12.0175,168.000,74.857,40.012,0.17944,0.55969,6.2290,0.17578,153888.0,0.15992,70,77.200,6.4240
43.5526,24.3587,40.9435,2.411e-05,0.1146,0.6331,0.0019,0.7264,26.0343,112.000,28.889,24.142,0.10083,0.10486,1.1096,0.00000,119232.0,0.06497,63,21.600,0.8297
66.2266,21.1305,57.8299,1.695e-05,0.3224,0.4581,0.0667,0.6083,32.0454,84.000,39.333,25.070,0.11157,0.07526,1.2274,0.01556,125280.0,0.04785,42,29.440,0.9187
39.5088,16.7787,64.4971,1.216e-06,0.7058,0.8114,0.0978,0.7675,39.3135,56.000,38.122,15.838,0.04785,0.05701,0.9697,0.01221,93440.0,0.06227,49,38.353,0.9756
31.7169,21.4173,53.2459,2.763e-05,0.8764,0.7007,0.1428,0.3507,22.5247,68.000,27.012,14.191,0.08459,0.10315,1.1992,0.03418,99072.0,0.08442,85,21.871,0.9710
65.1156,33.1195,73.7508,2.504e-06,0.0752,0.4551,0.2537,0.0441,24.9581,84.000,76.588,5.499,0.17432,0.23840,3.0687,0.08594,159936.0,0.09995,34,73.176,2.9320
28.6182,32.4625,78.1350,2.179e-06,0.4330,0.4163,0.3164,0.2941,20.9255,140.000,80.194,22.916,0.11353,0.45520,3.8323,0.09570,123360.0,0.11347,62,76.000,3.6319
35.2298,16.5235,79.0640,2.026e-06,0.9371,0.4039,0.1786,0.5908,17.0507,56.000,43.390,13.546,0.10083,0.15625,2.5447,0.05713,120960.0,0.14412,118,43.062,2.5256
27.5785,25.8218,91.0004,2.955e-05,0.1634,0.6273,0.3826,0.7769,36.1313,112.000,33.500,25.214,0.03906,0.07935,0.9272,0.06152,101760.0,0.02606,40,32.000,0.8857
33.0258,38.5802,86.4504,1.384e-06,0.5392,0.8561,0.2915,0.3942,31.9661,168.000,81.400,31.210,0.11719,0.39746,2.5464,0.07812,123648.0,0.08896,40,84.414,2.6407
64.6056,37.9268,83.9365,2.963e-06,0.6306,0.9102,0.2906,0.4824,15.5193,196.000,81.789,40.060,0.22729,0.33197,5.2702,0.14062,131712.0,0.19879,38,70.400,4.5363
68.6078,23.9186,30.6128,1.907e-06,0.4885,0.9091,0.2825,0.5325,18.1002,96.000,35.385,19.502,0.14282,0.08423,1.9549,0.09961,122880.0,0.02894,39,34.714,1.9179
67.1132,27.1929,64.4263,2.386e-05,0.1661,0.9308,0.3484,0.7763,8.8798,104.000,31.273,22.577,0.20337,0.12573,3.5218,0.21063,123600.0,0.09719,55,27.800,3.1307
51.3832,28.3864,92.3384,2.726e-05,0.0980,0.2087,0.0862,0.6931,25.2513,140.000,50.286,39.474,0.15350,0.18597,1.9914,0.02777,126720.0,0.17896,49,28.800,1.1405
48.3853,30.9097,91.8017,2.930e-05,0.3740,0.3005,0.0856,0.7830,31.9624,168.000,46.455,42.300,0.13367,0.18219,1.4534,0.02344,138240.0,0.08260,44,29.667,0.9282
24.6439,33.3569,85.2876,6.937e-06,0.9864,0.8113,0.2931,0.2842,8.6313,112.000,68.353,20.900,0.19922,0.85107,7.9192,0.16406,167808.0,0.01495,136,67.172,7.7824
30.9155,19.4363,43.6626,1.467e-05,0.9557,0.8046,0.0418,0.1879,29.1655,68.000,34.026,9.937,0.08459,0.11993,1.1667,0.00732,93024.0,0.15759,77,28.783,0.9869
54.4234,23.8420,104.3095,3.374e-06,0.4603,0.2380,0.0189,0.4385,17.0508,112.000,85.756,24.840,0.24023,0.42920,5.0294,0.01025,161280.0,0.15683,82,81.600,4.7857
24.9088,35.7041,40.4110,8.171e-06,0.3350,0.7899,0.2554,0.5729,26.6241,92.000,36.074,21.004,0.08557,0.20465,1.3549,0.05933,119616.0,0.03742,54,32.632,1.2256
44.6719,25.9960,70.6643,2.048e-06,0.4925,0.5201,0.1648,0.1543,39.4393,96.000,71.800,10.989,0.08789,0.17529,1.8205,0.03223,130176.0,0.06228,40,68.800,1.7445
36.0665,17.5252,77.4704,1.000e-06,0.7120,0.3955,0.1492,0.3262,29.7300,56.000,47.680,8.610,0.06409,0.10913,1.6038,0.02856,108416.0,0.04442,75,50.049,1.6834
62.9571,20.6701,66.2913,4.237e-06,0.9664,0.6554,0.1162,0.2618,21.7363,84.000,59.125,14.326,0.16406,0.17322,2.7201,0.03906,121632.0,0.09475,64,56.364,2.5931
46.4315,25.0078,30.1407,1.502e-06,0.5172,0.0567,0.1385,0.0154,9.7974,40.000,37.839,1.993,0.30273,0.28638,3.8621,0.08789,150400.0,0.11550,124,36.865,3.7627
67.9591,22.5743,74.3620,5.609e-06,0.7632,0.3591,0.0042,0.6007,26.5582,112.000,60.444,30.384,0.16479,0.16602,2.2759,0.00000,129600.0,0.08267,45,52.429,1.9741
28.0150,20.3192,49.6739,2.747e-06,0.3205,0.0247,0.3149,0.0419,27.4494,60.000,55.032,3.422,0.05676,0.15619,2.0049,0.05981,121920.0,0.04683,62,52.714,1.9204
52.8309,28.0671,116.8072,2.414e-06,0.3873,0.3135,0.1365,0.6776,14.7851,140.000,95.636,39.455,0.22156,0.48157,6.4684,0.06110,158400.0,0.23527,66,87.200,5.8978
60.9188,31.7262,113.0078,2.152e-06,0.0028,0.8171,0.2907,0.6753,33.4954,168.000,96.143,49.965,0.13330,0.24646,2.8703,0.08789,131040.0,0.13216,28,98.000,2.9258
57.4895,20.0437,84.6058,1.357e-05,0.5985,0.7555,0.1168,0.2024,8.4123,84.000,55.780,17.032,0.27905,0.32428,6.6307,0.07263,167040.0,0.11512,127,48.093,5.7170
65.7664,19.2913,56.3546,5.922e-06,0.4559,0.0791,0.2699,0.0624,18.6090,68.000,55.019,7.075,0.13586,0.13348,2.9566,0.09277,120288.0,0.14468,53,49.440,2.6568
26.5616,29.6672,102.0517,1.516e-06,0.0928,0.2767,0.2122,0.1915,17.1393,140.000,104.421,18.829,0.14496,0.75684,6.0925,0.07776,163600.0,0.11536,95,103.200,6.0212
27.4422,20.8276,54.2943,5.462e-06,0.7995,0.9128,0.2425,0.1840,23.5018,76.000,50.400,10.773,0.06866,0.17303,2.1445,0.05127,121200.0,0.02259,75,47.686,2.0290
27.7811,35.6347,28.1182,5.274e-06,0.6351,0.5711,0.2335,0.5884,12.6917,88.000,33.739,19.340,0.18237,0.32568,2.6584,0.10767,127680.0,0.09054,92,32.167,2.5345
46.9837,16.9976,57.6279,3.121e-06,0.6302,0.0732,0.1649,0.0607,34.7137,56.000,54.578,1.915,0.05493,0.07495,1.5722,0.02637,119680.0,0.04770,45,54.476,1.5693
33.6385,37.8137,62.1934,2.172e-05,0.1428,0.7360,0.1139,0.2925,32.1652,92.000,35.600,16.536,0.12415,0.18866,1.1068,0.02637,127680.0,0.06820,50,27.625,0.8588
54.9640,19.6539,43.6659,2.749e-06,0.3163,0.2211,0.2867,0.3914,36.5905,84.000,47.875,20.012,0.07031,0.07013,1.3084,0.05554,132480.0,0.03103,32,42.667,1.1661
41.9960,23.2150,110.3182,4.133e-06,0.9119,0.1938,0.3835,0.4053,38.9939,112.000,90.400,22.571,0.05859,0.16553,2.3183,0.06592,121856.0,0.12911,30,85.818,2.2008
41.7450,39.6551,39.3367,1.035e-05,0.9733,0.1779,0.0353,0.2066,29.0719,56.000,35.915,9.498,0.18359,0.20605,1.2354,0.01221,120832.0,0.13935,47,30.615,1.0531
34.0904,30.1619,51.2052,4.028e-06,0.9236,0.9609,0.2283,0.4188,15.9545,112.000,50.377,22.774,0.17688,0.31824,3.1575,0.09229,132384.0,0.01594,69,49.231,3.0857
40.8613,21.8033,28.9933,4.565e-06,0.3771,0.2344,0.3068,0.4439,39.0663,72.000,33.576,14.932,0.04834,0.05072,0.8595,0.04578,105600.0,0.02018,33,31.692,0.8112
58.5573,31.8360,98.6065,1.133e-05,0.0753,0.6819,0.3958,0.7679,13.4090,168.000,64.511,43.636,0.22009,0.27704,4.8110,0.21973,169728.0,0.27318,47,51.750,3.8594
24.0108,29.2287,82.8830,2.076e-06,0.2752,0.0127,0.1906,0.4806,8.0968,112.000,81.613,27.792,0.22095,1.12701,10.0796,0.11023,168000.0,0.15255,181,80.619,9.9568
24.3452,36.6264,69.2992,4.534e-06,0.2813,0.7544,0.0015,0.3670,23.6799,112.000,64.850,23.330,0.13672,0.55414,2.7386,0.00000,120064.0,0.10808,80,59.364,2.5069
51.1580,35.9249,70.1675,2.027e-05,0.3640,0.0709,0.2758,0.2204,8.0964,96.000,48.125,15.842,0.30078,0.32898,5.9440,0.17139,162624.0,0.15018,64,38.533,4.7593
32.5330,25.8796,66.1906,1.984e-05,0.3147,0.2942,0.1718,0.5782,12.5809,112.000,48.000,29.108,0.18201,0.37329,3.8153,0.07617,122112.0,0.13583,128,35.486,2.8206
61.1135,24.1037,51.8793,1.881e-06,0.1331,0.5014,0.1512,0.0752,17.1973,68.000,56.918,4.546,0.19360,0.21191,3.3097,0.06042,152256.0,0.13324,61,55.273,3.2140
71.5508,35.5406,86.4517,4.526e-06,0.6226,0.3705,0.0815,0.7230,29.5889,196.000,83.243,58.173,0.25293,0.32898,2.8133,0.02966,132608.0,0.12405,37,85.217,2.8800
36.8076,17.9767,29.1855,3.790e-06,0.7513,0.5098,0.2758,0.0800,22.8806,44.000,34.514,3.524,0.05981,0.07373,1.5084,0.05713,78848.0,0.09866,70,33.250,1.4532
58.9624,36.3795,71.9380,1.844e-05,0.8824,0.4923,0.0843,0.7963,17.9222,196.000,51.918,46.756,0.25879,0.26978,2.8969,0.04120,157248.0,0.18743,49,32.960,1.8391
25.0961,32.6180,62.5228,1.421e-06,0.6066,0.5005,0.3725,0.2353,38.4007,104.000,67.543,15.112,0.05127,0.21643,1.7589,0.06152,125184.0,0.04821,35,68.174,1.7753
63.7469,37.7921,34.0782,1.949e-06,0.7686,0.0525,0.1103,0.5025,37.5594,92.000,38.710,21.753,0.18542,0.12817,1.0306,0.03516,137984.0,0.11820,31,40.600,1.0810
47.3359,38.9052,66.3437,1.823e-06,0.4429,0.7784,0.3847,0.4649,11.3242,164.000,67.909,31.212,0.21484,0.36475,5.9968,0.20508,160000.0,0.12603,44,69.143,6.1058
69.9288,32.1502,98.5362,1.053e-06,0.7057,0.2353,0.1134,0.2552,31.3036,156.000,98.743,27.277,0.19226,0.31641,3.1544,0.04150,159840.0,0.08261,35,99.429,3.1763
56.7237,24.4339,61.5918,1.592e-05,0.6651,0.0999,0.0296,0.7476,25.2912,112.000,44.069,30.413,0.16772,0.15564,1.7425,0.01025,134400.0,0.15987,58,35.647,1.4095
60.4119,20.2787,49.7014,1.262e-05,0.0809,0.4558,0.1528,0.2868,15.2588,84.000,40.620,14.533,0.16901,0.13202,2.6620,0.05951,123552.0,0.11414,71,33.943,2.2245
55.9989,17.5836,60.5538,2.529e-05,0.9605,0.2895,0.1631,0.1542,38.5992,56.000,36.000,13.424,0.05566,0.04175,0.9327,0.02393,121344.0,0.14346,38,25.524,0.6613
30.7561,17.6600,55.3188,5.082e-06,0.7253,0.6965,0.2840,0.4912,19.9846,56.000,42.533,12.795,0.06592,0.11682,2.1283,0.07031,91008.0,0.01530,90,42.645,2.1339
59.4950,37.9541,53.0377,9.028e-06,0.7024,0.1992,0.0045,0.1475,39.7399,68.000,45.467,10.353,0.16663,0.14569,1.1441,0.00000,119392.0,0.08669,30,39.556,0.9954
70.0096,22.0527,79.3317,2.139e-06,0.0634,0.0025,0.3072,0.5115,14.0732,112.000,76.000,27.768,0.16406,0.19482,5.4003,0.11865,152576.0,0.12506,42,74.000,5.2582
64.8955,19.3686,47.1217,1.552e-06,0.4043,0.5736,0.2138,0.3126,9.8227,84.000,53.737,15.819,0.25378,0.24353,5.4708,0.13184,170688.0,0.15523,99,55.608,5.6612
36.0052,30.4164,52.9795,1.242e-06,0.1056,0.1802,0.3996,0.4684,17.4727,132.000,59.852,27.074,0.13843,0.29590,3.4254,0.15820,131040.0,0.12098,54,62.250,3.5627
66.9182,29.8730,39.6761,2.056e-06,0.9092,0.9079,0.2555,0.1023,39.6176,56.000,44.762,5.999,0.09613,0.07172,1.1298,0.05084,128400.0,0.13929,21,42.857,1.0818
35.0234,23.1512,91.8898,3.005e-06,0.3151,0.1842,0.0789,0.2275,39.2611,112.000,86.000,16.701,0.07520,0.23096,2.1905,0.01318,127232.0,0.05933,44,81.333,2.0716
45.8276,33.1587,108.5785,2.681e-06,0.4629,0.1160,0.2765,0.3402,18.2291,168.000,98.231,31.018,0.17139,0.46765,5.3887,0.10742,165024.0,0.12819,52,90.909,4.9870
