dp_um,vd_park,vd_res_low,vd_biz
0.0100,6.36705,6.37117,6.37325
0.0125,4.97650,4.98012,4.98194
0.0156,3.89331,3.89648,3.89809
0.0195,3.04952,3.05232,3.05373
0.0244,2.39223,2.39470,2.39595
0.0305,1.88023,1.88242,1.88352
0.0381,1.48141,1.48336,1.48434
0.0477,1.17077,1.17251,1.17340
0.0596,0.92881,0.93039,0.93118
0.0745,0.74034,0.74177,0.74250
0.0931,0.59349,0.59481,0.59547
0.1164,0.47898,0.48021,0.48083
0.1455,0.38955,0.39072,0.39130
0.1819,0.31952,0.32064,0.32120
0.2274,0.26443,0.26552,0.26607
0.2842,0.22082,0.22190,0.22245
0.3553,0.18604,0.18712,0.18768
0.4441,0.15808,0.15918,0.15974
0.5551,0.13549,0.13660,0.13719
0.6939,0.11727,0.11838,0.11899
0.8674,0.10281,0.10387,0.10449
1.0842,0.09186,0.09275,0.09338
1.3553,0.08465,0.08503,0.08565
1.6941,0.08201,0.08115,0.08168
2.1176,0.08593,0.08210,0.08234
2.6470,0.10054,0.08975,0.08926
3.3087,0.13427,0.10743,0.10516
4.1359,0.20427,0.14104,0.13455
5.1699,0.34513,0.20110,0.18477
6.4623,0.62480,0.30678,0.26792
8.0779,1.16990,0.49349,0.40403
10.0974,2.19481,0.82679,0.62694
12.6218,4.00629,1.42562,0.99442
15.7772,6.91951,2.49423,1.60603
19.7215,11.02422,4.34801,2.63183
24.6519,15.89214,7.38876,4.35286
